{
    "name": "root",
    "metadata": {
        "timer_format_version": "0.1.0",
        "start_time_seconds": "1749384543",
        "python_version": "3.9.0 (default, Nov 15 2020, 08:30:55) [MSC v.1916 64 bit (AMD64)]",
        "command_line_arguments": "C:\\Users\\stenh\\anaconda3\\envs\\mltraining\\Scripts\\mlagents-learn ./config/SniperAgent.yml --run-id=sniper_selfplay_4obs --resume",
        "mlagents_version": "0.30.0",
        "mlagents_envs_version": "0.30.0",
        "communication_protocol_version": "1.5.0",
        "pytorch_version": "1.7.1+cu110",
        "numpy_version": "1.21.2",
        "end_time_seconds": "1749384641"
    },
    "total": 98.0182466,
    "count": 1,
    "self": 0.007332700000006298,
    "children": {
        "run_training.setup": {
            "total": 0.1428577000000002,
            "count": 1,
            "self": 0.1428577000000002
        },
        "TrainerController.start_learning": {
            "total": 97.8680562,
            "count": 1,
            "self": 0.0016368999999798461,
            "children": {
                "TrainerController._reset_env": {
                    "total": 30.5038604,
                    "count": 2,
                    "self": 30.5038604
                },
                "TrainerController.advance": {
                    "total": 67.20488890000001,
                    "count": 57,
                    "self": 0.0015501000000028853,
                    "children": {
                        "env_step": {
                            "total": 67.1986219,
                            "count": 57,
                            "self": 65.98115320000002,
                            "children": {
                                "SubprocessEnvManager._take_step": {
                                    "total": 1.2166512999999917,
                                    "count": 57,
                                    "self": 0.010506999999947197,
                                    "children": {
                                        "TorchPolicy.evaluate": {
                                            "total": 1.2061443000000445,
                                            "count": 114,
                                            "self": 1.2061443000000445
                                        }
                                    }
                                },
                                "workers": {
                                    "total": 0.0008173999999954162,
                                    "count": 56,
                                    "self": 0.0,
                                    "children": {
                                        "worker_root": {
                                            "total": 7.232681299999971,
                                            "count": 56,
                                            "is_parallel": true,
                                            "self": 3.1127933999999904,
                                            "children": {
                                                "steps_from_proto": {
                                                    "total": 0.0009896000000040317,
                                                    "count": 4,
                                                    "is_parallel": true,
                                                    "self": 0.0005699000000021215,
                                                    "children": {
                                                        "_process_rank_one_or_two_observation": {
                                                            "total": 0.0004197000000019102,
                                                            "count": 8,
                                                            "is_parallel": true,
                                                            "self": 0.0004197000000019102
                                                        }
                                                    }
                                                },
                                                "UnityEnvironment.step": {
                                                    "total": 4.118898299999977,
                                                    "count": 56,
                                                    "is_parallel": true,
                                                    "self": 0.009148399999933332,
                                                    "children": {
                                                        "UnityEnvironment._generate_step_input": {
                                                            "total": 0.01632320000002352,
                                                            "count": 56,
                                                            "is_parallel": true,
                                                            "self": 0.01632320000002352
                                                        },
                                                        "communicator.exchange": {
                                                            "total": 4.06140820000002,
                                                            "count": 56,
                                                            "is_parallel": true,
                                                            "self": 4.06140820000002
                                                        },
                                                        "steps_from_proto": {
                                                            "total": 0.032018499999999506,
                                                            "count": 112,
                                                            "is_parallel": true,
                                                            "self": 0.017602000000024987,
                                                            "children": {
                                                                "_process_rank_one_or_two_observation": {
                                                                    "total": 0.01441649999997452,
                                                                    "count": 224,
                                                                    "is_parallel": true,
                                                                    "self": 0.01441649999997452
                                                                }
                                                            }
                                                        }
                                                    }
                                                }
                                            }
                                        }
                                    }
                                }
                            }
                        },
                        "trainer_advance": {
                            "total": 0.004716900000012458,
                            "count": 56,
                            "self": 0.004550999999999306,
                            "children": {
                                "process_trajectory": {
                                    "total": 0.00016590000001315275,
                                    "count": 56,
                                    "self": 0.00016590000001315275
                                }
                            }
                        }
                    }
                },
                "TrainerController._save_models": {
                    "total": 0.15766999999999598,
                    "count": 1,
                    "self": 0.022023799999999483,
                    "children": {
                        "RLTrainer._checkpoint": {
                            "total": 0.1356461999999965,