{
    "name": "root",
    "gauges": {
        "SniperSelfPlay.Policy.Entropy.mean": {
            "value": 2.0390493869781494,
            "min": 2.0371897220611572,
            "max": 2.042111396789551,
            "count": 5
        },
        "SniperSelfPlay.Policy.Entropy.sum": {
            "value": 24468.59375,
            "min": 9779.119140625,
            "max": 24470.72265625,
            "count": 5
        },
        "SniperSelfPlay.IsTraining.mean": {
            "value": 1.0,
            "min": 1.0,
            "max": 1.0,
            "count": 12
        },
        "SniperSelfPlay.IsTraining.sum": {
            "value": 1.0,
            "min": 1.0,
            "max": 1.0,
            "count": 12
        },
        "SniperSelfPlay.Step.mean": {
            "value": 1281778.0,
            "min": 1261978.0,
            "max": 1281778.0,
            "count": 11
        },
        "SniperSelfPlay.Step.sum": {
            "value": 1281778.0,
            "min": 1261978.0,
            "max": 1281778.0,
            "count": 11
        },
        "SniperSelfPlay.Policy.ExtrinsicValueEstimate.mean": {
            "value": -55.719032287597656,
            "min": -56.72740173339844,
            "max": -51.26382064819336,
            "count": 11
        },
        "SniperSelfPlay.Policy.ExtrinsicValueEstimate.sum": {
            "value": -111.43806457519531,
            "min": -270.92388916015625,
            "max": -102.52764129638672,
            "count": 11
        },
        "SniperSelfPlay.Environment.EpisodeLength.mean": {
            "value": 1399.0,
            "min": 1399.0,
            "max": 1399.0,
            "count": 2
        },
        "SniperSelfPlay.Environment.EpisodeLength.sum": {
            "value": 16788.0,
            "min": 16788.0,
            "max": 16788.0,
            "count": 2
        },
        "SniperSelfPlay.Environment.CumulativeReward.mean": {
            "value": -7493.35693359375,
            "min": -7635.72802734375,
            "max": -7326.3828125,
            "count": 4
        },
        "SniperSelfPlay.Environment.CumulativeReward.sum": {
            "value": -14986.7138671875,
            "min": -36631.9140625,
            "max": -7635.72802734375,
            "count": 4
        },
        "SniperSelfPlay.Policy.ExtrinsicReward.mean": {
            "value": -7493.35693359375,
            "min": -7635.72802734375,
            "max": -7326.3828125,
            "count": 4
        },
        "SniperSelfPlay.Policy.ExtrinsicReward.sum": {
            "value": -14986.7138671875,
            "min": -36631.9140625,
            "max": -7635.72802734375,
            "count": 4
        }
    },
    "metadata": {
        "timer_format_version": "0.1.0",
        "start_time_seconds": "1749397460",
        "python_version": "3.9.0 (default, Nov 15 2020, 08:30:55) [MSC v.1916 64 bit (AMD64)]",
        "command_line_arguments": "C:\\Users\\stenh\\anaconda3\\envs\\mltraining\\Scripts\\mlagents-learn ./config/SniperAgent.yml --run-id=sniper_selfplay_4obs --resume",
        "mlagents_version": "0.30.0",
        "mlagents_envs_version": "0.30.0",
        "communication_protocol_version": "1.5.0",
        "pytorch_version": "1.7.1+cu110",
        "numpy_version": "1.21.2",
        "end_time_seconds": "1749397584"
    },
    "total": 124.34823420000001,
    "count": 1,
    "self": 0.010323900000017261,
    "children": {
        "run_training.setup": {
            "total": 0.11826179999999997,
            "count": 1,
            "self": 0.11826179999999997
        },
        "TrainerController.start_learning": {
            "total": 124.21964849999999,
            "count": 1,
            "self": 0.09613129999982561,
            "children": {
                "TrainerController._reset_env": {
                    "total": 18.142838700000002,
                    "count": 2,
                    "self": 18.142838700000002
                },
                "TrainerController.advance": {
                    "total": 105.84566800000016,
                    "count": 3801,
                    "self": 0.09484710000033658,
                    "children": {
                        "env_step": {
                            "total": 102.69446919999993,
                            "count": 3801,
                            "self": 64.86746800000026,
                            "children": {
                                "SubprocessEnvManager._take_step": {
                                    "total": 37.76986459999986,
                                    "count": 3801,
                                    "self": 0.6196731000003837,
                                    "children": {
                                        "TorchPolicy.evaluate": {
                                            "total": 37.15019149999948,
                                            "count": 7602,
                                            "self": 37.15019149999948
                                        }
                                    }
                                },
                                "workers": {
                                    "total": 0.05713659999981502,
                                    "count": 3801,
                                    "self": 0.0,
                                    "children": {
                                        "worker_root": {
                                            "total": 106.02517649999956,
                                            "count": 3801,
                                            "is_parallel": true,
                                            "self": 47.92752689999956,
                                            "children": {
                                                "steps_from_proto": {
                                                    "total": 0.002592599999999834,
                                                    "count": 4,
                                                    "is_parallel": true,
                                                    "self": 0.001060500000001241,
                                                    "children": {
                                                        "_process_rank_one_or_two_observation": {
                                                            "total": 0.001532099999998593,
                                                            "count": 16,
                                                            "is_parallel": true,
                                                            "self": 0.001532099999998593
                                                        }
                                                    }
                                                },
                                                "UnityEnvironment.step": {
                                                    "total": 58.095057,
                                                    "count": 3801,
                                                    "is_parallel": true,
                                                    "self": 0.8502173999992095,
                                                    "children": {
                                                        "UnityEnvironment._generate_step_input": {
                                                            "total": 0.9338614999998995,
                                                            "count": 3801,
                                                            "is_parallel": true,
                                                            "self": 0.9338614999998995
                                                        },