{
    "name": "root",
    "gauges": {
        "SniperSelfPlay.Policy.Entropy.mean": {
            "value": 2.0852482318878174,
            "min": 2.065938711166382,
            "max": 2.0952727794647217,
            "count": 14
        },
        "SniperSelfPlay.Policy.Entropy.sum": {
            "value": 10009.19140625,
            "min": 9995.400390625,
            "max": 32833.24609375,
            "count": 14
        },
        "SniperSelfPlay.Step.mean": {
            "value": 169736.0,
            "min": 113548.0,
            "max": 169736.0,
            "count": 29
        },
        "SniperSelfPlay.Step.sum": {
            "value": 169736.0,
            "min": 113548.0,
            "max": 169736.0,
            "count": 29
        },
        "SniperSelfPlay.Policy.ExtrinsicValueEstimate.mean": {
            "value": -26.1689510345459,
            "min": -44.70470428466797,
            "max": 21.090238571166992,
            "count": 29
        },
        "SniperSelfPlay.Policy.ExtrinsicValueEstimate.sum": {
            "value": -78.50685119628906,
            "min": -178.81881713867188,
            "max": 25.1051025390625,
            "count": 29
        },
        "SniperSelfPlay.IsTraining.mean": {
            "value": 1.0,
            "min": 1.0,
            "max": 1.0,
            "count": 29
        },
        "SniperSelfPlay.IsTraining.sum": {
            "value": 1.0,
            "min": 1.0,
            "max": 1.0,
            "count": 29
        },
        "SniperSelfPlay.Environment.EpisodeLength.mean": {
            "value": 1399.0,
            "min": 1398.0,
            "max": 1399.0,
            "count": 7
        },
        "SniperSelfPlay.Environment.EpisodeLength.sum": {
            "value": 16788.0,
            "min": 16776.0,
            "max": 16788.0,
            "count": 7
        },
        "SniperSelfPlay.Environment.CumulativeReward.mean": {
            "value": -5487.483581542969,
            "min": -7588.34521484375,
            "max": -4313.56005859375,
            "count": 13
        },
        "SniperSelfPlay.Environment.CumulativeReward.sum": {
            "value": -10974.967163085938,
            "min": -32571.00927734375,
            "max": -4313.56005859375,
            "count": 13
        },
        "SniperSelfPlay.Policy.ExtrinsicReward.mean": {
            "value": -5487.483581542969,
            "min": -7588.34521484375,
            "max": -4313.56005859375,
            "count": 13
        },
        "SniperSelfPlay.Policy.ExtrinsicReward.sum": {
            "value": -10974.967163085938,
            "min": -32571.00927734375,
            "max": -4313.56005859375,
            "count": 13
        },
        "SniperSelfPlay.Losses.PolicyLoss.mean": {
            "value": 0.014947950664160695,
            "min": 0.014947950664160695,
            "max": 0.015673290165564555,
            "count": 2
        },
        "SniperSelfPlay.Losses.PolicyLoss.sum": {
            "value": 0.014947950664160695,
            "min": 0.014947950664160695,
            "max": 0.015673290165564555,
            "count": 2
        },
        "SniperSelfPlay.Losses.ValueLoss.mean": {
            "value": 721.3593549728394,
            "min": 721.3593549728394,
            "max": 1325.3428164395418,
            "count": 2
        },
        "SniperSelfPlay.Losses.ValueLoss.sum": {
            "value": 721.3593549728394,
            "min": 721.3593549728394,
            "max": 1325.3428164395418,
            "count": 2
        },
        "SniperSelfPlay.Policy.LearningRate.mean": {
            "value": 0.0002,
            "min": 0.0002,
            "max": 0.00020000000000000006,
            "count": 2
        },
        "SniperSelfPlay.Policy.LearningRate.sum": {
            "value": 0.0002,
            "min": 0.0002,
            "max": 0.00020000000000000006,
            "count": 2
        },
        "SniperSelfPlay.Policy.Epsilon.mean": {
            "value": 0.15,
            "min": 0.15,
            "max": 0.15000000000000002,
            "count": 2
        },
        "SniperSelfPlay.Policy.Epsilon.sum": {
            "value": 0.15,
            "min": 0.15,
            "max": 0.15000000000000002,
            "count": 2
        },
        "SniperSelfPlay.Policy.Beta.mean": {
            "value": 0.0029999999999999996,
            "min": 0.0029999999999999996,
            "max": 0.003,
            "count": 2
        },
        "SniperSelfPlay.Policy.Beta.sum": {
            "value": 0.0029999999999999996,
            "min": 0.0029999999999999996,
            "max": 0.003,
            "count": 2
        }
    },
    "metadata": {
        "timer_format_version": "0.1.0",
        "start_time_seconds": "1749384007",
        "python_version": "3.9.0 (default, Nov 15 2020, 08:30:55) [MSC v.1916 64 bit (AMD64)]",
        "command_line_arguments": "C:\\Users\\stenh\\anaconda3\\envs\\mltraining\\Scripts\\mlagents-learn ./config/SniperAgent.yml --run-id=sniper_selfplay_4obs --resume",
        "mlagents_version": "0.30.0",
        "mlagents_envs_version": "0.30.0",
        "communication_protocol_version": "1.5.0",
        "pytorch_version": "1.7.1+cu110",
        "numpy_version": "1.21.2",
        "end_time_seconds": "1749384389"
    },
    "total": 381.4068097,
    "count": 1,
    "self": 0.02149080000003778,
    "children": {
        "run_training.setup": {
            "total": 0.12596439999999998,
            "count": 1,
            "self": 0.12596439999999998
        },
        "TrainerController.start_learning": {
            "total": 381.2593545,
            "count": 1,
            "self": 0.3079171000010774,
            "children": {
                "TrainerController._reset_env": {
                    "total": 13.6217221,
                    "count": 2,
                    "self": 13.6217221
                },
                "TrainerController.advance": {
                    "total": 367.0586350999989,
                    "count": 10903,
                    "self": 0.33013720000502644,
                    "children": {
                        "env_step": {
                            "total": 343.4884214999979,
                            "count": 10903,
                            "self": 230.20735139999903,
                            "children": {
                                "SubprocessEnvManager._take_step": {
                                    "total": 113.10360890000113,
                                    "count": 10905,
                                    "self": 2.190775800001134,
                                    "children": {
                                        "TorchPolicy.evaluate": {
                                            "total": 110.9128331,
                                            "count": 21810,
                                            "self": 110.9128331
                                        }
                                    }
                                },
                                "workers": {
                                    "total": 0.17746119999775622,
                                    "count": 10902,
                                    "self": 0.0,
                                    "children": {
                                        "worker_root": {
                                            "total": 280.400266500001,
                                            "count": 10902,
                                            "is_parallel": true,
                                            "self": 159.14392659999962,
                                            "children": {
                                                "steps_from_proto": {
                                                    "total": 0.0030511000000021937,