{"count":1,"self":1439.2190976,"total":1933.4182320999998,"children":{"InitializeActuators":{"count":24,"self":0.0030128,"total":0.0030128,"children":null},"InitializeSensors":{"count":24,"self":0.0050246,"total":0.0050246,"children":null},"AgentSendState":{"count":76034,"self":32.069676799999996,"total":47.2562217,"children":{"CollectObservations":{"count":365016,"self":1.3511069999999998,"total":1.3511069999999998,"children":null},"WriteActionMask":{"count":365016,"self":0.74060739999999992,"total":0.74060739999999992,"children":null},"RequestDecision":{"count":365016,"self":3.2556675999999998,"total":13.0948321,"children":{"AgentInfo.ToProto":{"count":365016,"self":2.213484,"total":9.839164499999999,"children":{"GenerateSensorData":{"count":365016,"self":5.5580864,"total":7.6256806,"children":{"RayPerceptionSensor.Perceive":{"count":365016,"self":2.0675939999999997,"total":2.0675939999999997,"children":null}}}}}}}}},"DecideAction":{"count":76034,"self":437.5675904,"total":437.5675856,"children":null},"AgentAct":{"count":76034,"self":9.3572408,"total":9.3637944,"children":{"AgentInfo.ToProto":{"count":212,"self":0.0030318,"total":0.0065537,"children":{"GenerateSensorData":{"count":212,"self":0.0025155999999999998,"total":0.0035218999999999997,"children":{"RayPerceptionSensor.Perceive":{"count":212,"self":0.0010063,"total":0.0010063,"children":null}}}}}}},"AgentInfo.ToProto":{"count":56,"self":0,"total":0.0020093999999999997,"children":{"GenerateSensorData":{"count":56,"self":0.0020093999999999997,"total":0.0020093999999999997,"children":{"RayPerceptionSensor.Perceive":{"count":56,"self":0,"total":0,"children":null}}}}}},"gauges":{"SniperSelfPlay.CumulativeReward":{"count":268,"max":2269.76025,"min":-13324.751,"runningAverage":-5107.80273,"value":701.757263,"weightedAverage":-2044.34045}},"metadata":{"timer_format_version":"0.1.0","start_time_seconds":"1749411091","unity_version":"6000.0.36f1","command_line_arguments":"C:\\Program Files\\Unity\\Hub\\Editor\\6000.0.36f1\\Editor\\Unity.exe -projectpath C:\\Users\\stenh\\Documents\\AP\\VR_Experience\\auto_battler -useHub -hubIPC -cloudEnvironment production","communication_protocol_version":"1.5.0","com.unity.ml-agents_version":"3.0.0","scene_name":"Sten","end_time_seconds":"1749413024"}}